{
    "Old_Dominion\\Chain_Bridge_Partners\\2021.07.02 - Chain Bridge Partners - Deed of Lease.pdf": {
        "file_name": "Chain Bridge Partners - Deed of Lease",
        "building_name": "Old Dominion",
        "tenant_name": "Chain Bridge Partners",
        "date": "2021.07.02"
    },
    "Old_Dominion\\Chain_Bridge_Partners\\Chain Bridge Partners - Commencement.pdf": {
        "file_name": "Chain Bridge Partners - Commencement.pdf",
        "building_name": "Old Dominion",
        "tenant_name": "Chain Bridge Partners",
        "date": ""
    },
    "Old_Dominion\\Collis_&_Associates\\2015.01.07 - Collis & Associates - Original Lease dtd.pdf": {
        "file_name": "Collis & Associates - Original Lease dtd",
        "building_name": "Old Dominion",
        "tenant_name": "Collis & Associates",
        "date": "2015.01.07"
    },
    "Old_Dominion\\Collis_&_Associates\\2015.03.30 - Collis & Associates - Exhibit B dtd.pdf": {
        "file_name": "Collis & Associates - Exhibit B dtd",
        "building_name": "Old Dominion",
        "tenant_name": "Collis & Associates",
        "date": "2015.03.30"
    },
    "Old_Dominion\\Collis_&_Associates\\2017.04.03 - Collis & Associates - 1st Amendment dtd.pdf": {
        "file_name": "Collis & Associates - 1st Amendment dtd",
        "building_name": "Old Dominion",
        "tenant_name": "Collis & Associates",
        "date": "2017.04.03"
    },
    "Old_Dominion\\Collis_&_Associates\\2019.09.05 - Collis & Associates - 2nd Amendment.pdf": {
        "file_name": "Collis & Associates - 2nd Amendment",
        "building_name": "Old Dominion",
        "tenant_name": "Collis & Associates",
        "date": "2019.09.05"
    },
    "Old_Dominion\\Collis_&_Associates\\Collis & Associates - Commencement_2nd Amendment.pdf": {
        "file_name": "Collis & Associates - Commencement_2nd Amendment.pdf",
        "building_name": "Old Dominion",
        "tenant_name": "Collis & Associates",
        "date": ""
    },
    "Old_Dominion\\Dell_Management\\Dell Management - Storage License Agreement.pdf": {
        "file_name": "Dell Management - Storage License Agreement.pdf",
        "building_name": "Old Dominion",
        "tenant_name": "Dell Management",
        "date": ""
    },
    "Old_Dominion\\Dell_Management\\Dell Management - Third Ammendment to the Lease.pdf": {
        "file_name": "Dell Management - Third Ammendment to the Lease.pdf",
        "building_name": "Old Dominion",
        "tenant_name": "Dell Management",
        "date": ""
    },
    "Old_Dominion\\General_Counsel\\2014.01.28 - General Counsel - Original lease dtd.pdf": {
        "file_name": "General Counsel - Original lease dtd",
        "building_name": "Old Dominion",
        "tenant_name": "General Counsel",
        "date": "2014.01.28"
    },
    "Old_Dominion\\General_Counsel\\2014.03.13 - General Counsel - Exhibit B dtd.pdf": {
        "file_name": "General Counsel - Exhibit B dtd",
        "building_name": "Old Dominion",
        "tenant_name": "General Counsel",
        "date": "2014.03.13"
    },
    "Old_Dominion\\General_Counsel\\2016.02.16 - General Counsel - 1st Amendment dtd.pdf": {
        "file_name": "General Counsel - 1st Amendment dtd",
        "building_name": "Old Dominion",
        "tenant_name": "General Counsel",
        "date": "2016.02.16"
    },
    "Old_Dominion\\General_Counsel\\2018.01.24 - General Counsel - 2nd Amendment.pdf": {
        "file_name": "General Counsel - 2nd Amendment",
        "building_name": "Old Dominion",
        "tenant_name": "General Counsel",
        "date": "2018.01.24"
    },
    "Old_Dominion\\General_Counsel\\2019.02.01 - General Counsel - 3rd Amendment.pdf": {
        "file_name": "General Counsel - 3rd Amendment",
        "building_name": "Old Dominion",
        "tenant_name": "General Counsel",
        "date": "2019.02.01"
    },
    "Old_Dominion\\General_Counsel\\General Counsel - Monument Signage Agreement.pdf": {
        "file_name": "General Counsel - Monument Signage Agreement.pdf",
        "building_name": "Old Dominion",
        "tenant_name": "General Counsel",
        "date": ""
    },
    "Old_Dominion\\J-N_Vision\\1998.09.10 - Dr. Wendy Garson, Dr. Robert Jacobs and Dr. Duc Nguyen - Deed of Lease dtd.pdf": {
        "file_name": "Dr. Wendy Garson, Dr. Robert Jacobs and Dr. Duc Nguyen - Deed of Lease dtd",
        "building_name": "Old Dominion",
        "tenant_name": "J-N Vision",
        "date": "1998.09.10"
    },
    "Old_Dominion\\J-N_Vision\\2001.06.26 - Dr. Wendy Garson, Dr. Robert Jacobs and Dr. Duc Nguyen - 1st Amendment dtd.pdf": {
        "file_name": "Dr. Wendy Garson, Dr. Robert Jacobs and Dr. Duc Nguyen - 1st Amendment dtd",
        "building_name": "Old Dominion",
        "tenant_name": "J-N Vision",
        "date": "2001.06.26"
    },
    "Old_Dominion\\J-N_Vision\\2004.06.30 - Dr. Wendy Garson, Dr. Robert Jacobs and Dr. Duc Nguyen - 2nd Amendment dtd.pdf": {
        "file_name": "Dr. Wendy Garson, Dr. Robert Jacobs and Dr. Duc Nguyen - 2nd Amendment dtd",
        "building_name": "Old Dominion",
        "tenant_name": "J-N Vision",
        "date": "2004.06.30"
    },
    "Old_Dominion\\J-N_Vision\\2007.10.15 - Dr. Wendy Garson, Dr. Robert Jacobs and Dr. Duc Nguyen - 3rd Amendment dtd.pdf": {
        "file_name": "Dr. Wendy Garson, Dr. Robert Jacobs and Dr. Duc Nguyen - 3rd Amendment dtd",
        "building_name": "Old Dominion",
        "tenant_name": "J-N Vision",
        "date": "2007.10.15"
    },
    "Old_Dominion\\J-N_Vision\\2010.10.26 - Dr. Wendy Garson, Dr. Robert Jacobs and Dr. Duc Nguyen - 4th Amendment dtd.pdf": {
        "file_name": "Dr. Wendy Garson, Dr. Robert Jacobs and Dr. Duc Nguyen - 4th Amendment dtd",
        "building_name": "Old Dominion",
        "tenant_name": "J-N Vision",
        "date": "2010.10.26"
    },
    "Old_Dominion\\J-N_Vision\\2013.10.01 - Dr. Wendy Garson, Dr. Robert Jacobs and Dr. Duc Nguyen - 5th Amendment dtd.pdf": {
        "file_name": "Dr. Wendy Garson, Dr. Robert Jacobs and Dr. Duc Nguyen - 5th Amendment dtd",
        "building_name": "Old Dominion",
        "tenant_name": "J-N Vision",
        "date": "2013.10.01"
    },
    "Old_Dominion\\J-N_Vision\\2014.06.03 - Dr. Wendy Garson, Dr. Robert Jacobs and Dr. Duc Nguyen  - Exhibit C-2 dtd.pdf": {
        "file_name": "Dr. Wendy Garson, Dr. Robert Jacobs and Dr. Duc Nguyen  - Exhibit C-2 dtd",
        "building_name": "Old Dominion",
        "tenant_name": "J-N Vision",
        "date": "2014.06.03"
    },
    "Old_Dominion\\J-N_Vision\\2021.10.05 - J-N Vision - 6th Amendment.pdf": {
        "file_name": "J-N Vision - 6th Amendment",
        "building_name": "Old Dominion",
        "tenant_name": "J-N Vision",
        "date": "2021.10.05"
    },
    "Old_Dominion\\J-N_Vision\\2024.04.22 - J-N Vision -  7th Amendment Executed.pdf": {
        "file_name": "J-N Vision -  7th Amendment Executed",
        "building_name": "Old Dominion",
        "tenant_name": "J-N Vision",
        "date": "2024.04.22"
    },
    "Old_Dominion\\J-N_Vision\\J-N Vision - Commencement Cert.pdf": {
        "file_name": "J-N Vision - Commencement Cert.pdf",
        "building_name": "Old Dominion",
        "tenant_name": "J-N Vision",
        "date": ""
    },
    "Old_Dominion\\Johns_Hopkins_Community_Physicians\\2021.03.30 - JHCP - Lease Agreement.pdf": {
        "file_name": "JHCP - Lease Agreement",
        "building_name": "Old Dominion",
        "tenant_name": "Johns Hopkins Community Physicians",
        "date": "2021.03.30"
    },
    "Old_Dominion\\Johns_Hopkins_Community_Physicians\\JHCP - Commencement Executed.pdf": {
        "file_name": "JHCP - Commencement Executed.pdf",
        "building_name": "Old Dominion",
        "tenant_name": "Johns Hopkins Community Physicians",
        "date": ""
    },
    "Old_Dominion\\Johns_Hopkins_Community_Physicians\\JHCP - Signage Approval Letter.pdf": {
        "file_name": "JHCP - Signage Approval Letter.pdf",
        "building_name": "Old Dominion",
        "tenant_name": "Johns Hopkins Community Physicians",
        "date": ""
    },
    "Old_Dominion\\KVS_Title\\2019.08.19 - KVS - Lease.pdf": {
        "file_name": "KVS - Lease",
        "building_name": "Old Dominion",
        "tenant_name": "KVS Title",
        "date": "2019.08.19"
    },
    "Old_Dominion\\KVS_Title\\KVS - Commencement Letter.pdf": {
        "file_name": "KVS - Commencement Letter.pdf",
        "building_name": "Old Dominion",
        "tenant_name": "KVS Title",
        "date": ""
    },
    "Old_Dominion\\KVS_Title\\KVS - Monument Signage Agreement.pdf": {
        "file_name": "KVS - Monument Signage Agreement.pdf",
        "building_name": "Old Dominion",
        "tenant_name": "KVS Title",
        "date": ""
    },
    "Old_Dominion\\Lange_Thomas_&_McMullen\\2011.06.07 - Lange, Thomas & McMullen LLP - Deed of Lease dtd.pdf": {
        "file_name": "Lange, Thomas & McMullen LLP - Deed of Lease dtd",
        "building_name": "Old Dominion",
        "tenant_name": "Lange Thomas & McMullen",
        "date": "2011.06.07"
    },
    "Old_Dominion\\Lange_Thomas_&_McMullen\\2011.09.14 - Lange, Thomas & McMullen LLP - Exhibit B dtd.pdf": {
        "file_name": "Lange, Thomas & McMullen LLP - Exhibit B dtd",
        "building_name": "Old Dominion",
        "tenant_name": "Lange Thomas & McMullen",
        "date": "2011.09.14"
    },
    "Old_Dominion\\Lange_Thomas_&_McMullen\\2016.04.14 - Lange, Thomas & McMullen LLP - First Amendment Deed of Lease dtd.pdf": {
        "file_name": "Lange, Thomas & McMullen LLP - First Amendment Deed of Lease dtd",
        "building_name": "Old Dominion",
        "tenant_name": "Lange Thomas & McMullen",
        "date": "2016.04.14"
    },
    "Old_Dominion\\Lange_Thomas_&_McMullen\\2019.03.13 - Lange, Thomas & McMullen LLP - 2nd Amendment.pdf": {
        "file_name": "Lange, Thomas & McMullen LLP - 2nd Amendment",
        "building_name": "Old Dominion",
        "tenant_name": "Lange Thomas & McMullen",
        "date": "2019.03.13"
    },
    "Old_Dominion\\Lange_Thomas_&_McMullen\\2020.02.28 - Lange, Kim & Dowell - 3rd Amendment.pdf": {
        "file_name": "Lange, Kim & Dowell - 3rd Amendment",
        "building_name": "Old Dominion",
        "tenant_name": "Lange Thomas & McMullen",
        "date": "2020.02.28"
    },
    "Old_Dominion\\McLean_Dermatology\\2011.06.06 - McLean Dermatology and Skincare Center PLLC - Deed of Lease (guaranty of lease) dtd.pdf": {
        "file_name": "McLean Dermatology and Skincare Center PLLC - Deed of Lease (guaranty of lease) dtd",
        "building_name": "Old Dominion",
        "tenant_name": "McLean Dermatology",
        "date": "2011.06.06"
    },
    "Old_Dominion\\McLean_Dermatology\\2011.06.06 - McLean Dermatology and Skincare Center PLLC - Deed of Lease (work agreement) dtd.pdf": {
        "file_name": "McLean Dermatology and Skincare Center PLLC - Deed of Lease (work agreement) dtd",
        "building_name": "Old Dominion",
        "tenant_name": "McLean Dermatology",
        "date": "2011.06.06"
    },
    "Old_Dominion\\McLean_Dermatology\\2011.06.06 - McLean Dermatology and Skincare Center PLLC - Deed of Lease dtd.pdf": {
        "file_name": "McLean Dermatology and Skincare Center PLLC - Deed of Lease dtd",
        "building_name": "Old Dominion",
        "tenant_name": "McLean Dermatology",
        "date": "2011.06.06"
    },
    "Old_Dominion\\McLean_Dermatology\\2011.12.28 - McLean Dermatology and Skincare Center PLLC - Exhibit B dtd.pdf": {
        "file_name": "McLean Dermatology and Skincare Center PLLC - Exhibit B dtd",
        "building_name": "Old Dominion",
        "tenant_name": "McLean Dermatology",
        "date": "2011.12.28"
    },
    "Old_Dominion\\McLean_Dermatology\\2017.09.11 - McLean Dermatology and Skincare Center PLLC - 1st Amendment dtd.pdf": {
        "file_name": "McLean Dermatology and Skincare Center PLLC - 1st Amendment dtd",
        "building_name": "Old Dominion",
        "tenant_name": "McLean Dermatology",
        "date": "2017.09.11"
    },
    "Old_Dominion\\McLean_Dermatology\\2017.11.09 - McLean Dermatology and Skincare Center PLLC - 2nd Amendment.pdf": {
        "file_name": "McLean Dermatology and Skincare Center PLLC - 2nd Amendment",
        "building_name": "Old Dominion",
        "tenant_name": "McLean Dermatology",
        "date": "2017.11.09"
    },
    "Old_Dominion\\McLean_Dermatology\\2018.05.25 - McLean Dermatology and Skincare Center PLLC - Commencement Letter Exhibit B-1.pdf": {
        "file_name": "McLean Dermatology and Skincare Center PLLC - Commencement Letter Exhibit B-1",
        "building_name": "Old Dominion",
        "tenant_name": "McLean Dermatology",
        "date": "2018.05.25"
    },
    "Old_Dominion\\McLean_Dermatology\\2020.01.24 - McLean Dermatology and Skincare Center PLLC -  Assignment & Assumption of Lease.pdf": {
        "file_name": "McLean Dermatology and Skincare Center PLLC -  Assignment & Assumption of Lease",
        "building_name": "Old Dominion",
        "tenant_name": "McLean Dermatology",
        "date": "2020.01.24"
    },
    "Old_Dominion\\McLean_Dermatology\\2020.01.24 - McLean Dermatology and Skincare Center PLLC - Guaranty of Lease.pdf": {
        "file_name": "McLean Dermatology and Skincare Center PLLC - Guaranty of Lease",
        "building_name": "Old Dominion",
        "tenant_name": "McLean Dermatology",
        "date": "2020.01.24"
    },
    "Old_Dominion\\McLean_Dermatology\\McLean Dermatology and Skincare Center PLLC - Monument Signage Agreement.pdf": {
        "file_name": "McLean Dermatology and Skincare Center PLLC - Monument Signage Agreement.pdf",
        "building_name": "Old Dominion",
        "tenant_name": "McLean Dermatology",
        "date": ""
    },
    "Old_Dominion\\McLean_Neuropsychiatric\\2021.04.26 - McLean Neuropsychiatric Treatment Center - Lease.pdf": {
        "file_name": "McLean Neuropsychiatric Treatment Center - Lease",
        "building_name": "Old Dominion",
        "tenant_name": "McLean Neuropsychiatric",
        "date": "2021.04.26"
    },
    "Old_Dominion\\McLean_Neuropsychiatric\\2023.10.19 - McLean Neuropsychiatric Treatment Center - First Amendment.pdf": {
        "file_name": "McLean Neuropsychiatric Treatment Center - First Amendment",
        "building_name": "Old Dominion",
        "tenant_name": "McLean Neuropsychiatric",
        "date": "2023.10.19"
    },
    "Old_Dominion\\McLean_Neuropsychiatric\\McLean Neuropsychiatric Treatment Center - Guaranty.pdf": {
        "file_name": "McLean Neuropsychiatric Treatment Center - Guaranty.pdf",
        "building_name": "Old Dominion",
        "tenant_name": "McLean Neuropsychiatric",
        "date": ""
    },
    "Old_Dominion\\Norton_Scott\\2021.07.02 - Norton Scott - Deed of Lease.pdf": {
        "file_name": "Norton Scott - Deed of Lease",
        "building_name": "Old Dominion",
        "tenant_name": "Norton Scott",
        "date": "2021.07.02"
    },
    "Old_Dominion\\Norton_Scott\\Norton Scott - Commencement letter.pdf": {
        "file_name": "Norton Scott - Commencement letter.pdf",
        "building_name": "Old Dominion",
        "tenant_name": "Norton Scott",
        "date": ""
    },
    "Old_Dominion\\Orbis_Operations\\2010.09.16 - Orbis Operations, LLC - Deed of Lease dtd.pdf": {
        "file_name": "Orbis Operations, LLC - Deed of Lease dtd",
        "building_name": "Old Dominion",
        "tenant_name": "Orbis Operations",
        "date": "2010.09.16"
    },
    "Old_Dominion\\Orbis_Operations\\2010.10.07 - Orbis Operations, LLC - Exhibit B dtd.pdf": {
        "file_name": "Orbis Operations, LLC - Exhibit B dtd",
        "building_name": "Old Dominion",
        "tenant_name": "Orbis Operations",
        "date": "2010.10.07"
    },
    "Old_Dominion\\Orbis_Operations\\2013.09.26 - Orbis Operations, LLC - 1st Amendment dtd.pdf": {
        "file_name": "Orbis Operations, LLC - 1st Amendment dtd",
        "building_name": "Old Dominion",
        "tenant_name": "Orbis Operations",
        "date": "2013.09.26"
    },
    "Old_Dominion\\Orbis_Operations\\2014.02.05 - Orbis Operations, LLC - Exhibit B to First Amendment-1 dtd.pdf": {
        "file_name": "Orbis Operations, LLC - Exhibit B to First Amendment-1 dtd",
        "building_name": "Old Dominion",
        "tenant_name": "Orbis Operations",
        "date": "2014.02.05"
    },
    "Old_Dominion\\Orbis_Operations\\2016.03.29 - Orbis Operations, LLC - Sublease Agreement dtd.pdf": {
        "file_name": "Orbis Operations, LLC - Sublease Agreement dtd",
        "building_name": "Old Dominion",
        "tenant_name": "Orbis Operations",
        "date": "2016.03.29"
    },
    "Old_Dominion\\Orbis_Operations\\2018.09.06 - Orbis Operations, LLC - 2nd Amendment.pdf": {
        "file_name": "Orbis Operations, LLC - 2nd Amendment",
        "building_name": "Old Dominion",
        "tenant_name": "Orbis Operations",
        "date": "2018.09.06"
    },
    "Old_Dominion\\Orbis_Operations\\2020.08.04 - Orbis Operations, LLC - 3rd Amendment.pdf": {
        "file_name": "Orbis Operations, LLC - 3rd Amendment",
        "building_name": "Old Dominion",
        "tenant_name": "Orbis Operations",
        "date": "2020.08.04"
    },
    "Old_Dominion\\Orbis_Operations\\2023.03.23 - Orbis Operations, LLC - McLean Lease Early Termination Notice Letter.pdf": {
        "file_name": "Orbis Operations, LLC - McLean Lease Early Termination Notice Letter",
        "building_name": "Old Dominion",
        "tenant_name": "Orbis Operations",
        "date": "2023.03.23"
    },
    "Old_Dominion\\Orbis_Operations\\Orbis Operations, LLC - LL Consent re Merger with McNally Capital.pdf": {
        "file_name": "Orbis Operations, LLC - LL Consent re Merger with McNally Capital.pdf",
        "building_name": "Old Dominion",
        "tenant_name": "Orbis Operations",
        "date": ""
    },
    "Old_Dominion\\Pro_Motion_Physical_Therapy\\2007.09.01 - Pro Motion Physical Therapy, LLC - Deed of Lease dtd.pdf": {
        "file_name": "Pro Motion Physical Therapy, LLC - Deed of Lease dtd",
        "building_name": "Old Dominion",
        "tenant_name": "Pro Motion Physical Therapy",
        "date": "2007.09.01"
    },
    "Old_Dominion\\Pro_Motion_Physical_Therapy\\2007.10.08 - Pro Motion Physical Therapy, LLC - Exhibit B dtd.pdf": {
        "file_name": "Pro Motion Physical Therapy, LLC - Exhibit B dtd",
        "building_name": "Old Dominion",
        "tenant_name": "Pro Motion Physical Therapy",
        "date": "2007.10.08"
    },
    "Old_Dominion\\Pro_Motion_Physical_Therapy\\2012.12.04 - Pro Motion Physical Therapy, LLC - 1st Amendment (Work Agreement - Exhibit E) dtd.pdf": {
        "file_name": "Pro Motion Physical Therapy, LLC - 1st Amendment (Work Agreement - Exhibit E) dtd",
        "building_name": "Old Dominion",
        "tenant_name": "Pro Motion Physical Therapy",
        "date": "2012.12.04"
    },
    "Old_Dominion\\Pro_Motion_Physical_Therapy\\2012.12.04 - Pro Motion Physical Therapy, LLC - 1st Amendment dtd.pdf": {
        "file_name": "Pro Motion Physical Therapy, LLC - 1st Amendment dtd",
        "building_name": "Old Dominion",
        "tenant_name": "Pro Motion Physical Therapy",
        "date": "2012.12.04"
    },
    "Old_Dominion\\Pro_Motion_Physical_Therapy\\2013.08.19 - Pro Motion Physical Therapy, LLC - Exhibit C to 1st Amendment-1 dtd.pdf": {
        "file_name": "Pro Motion Physical Therapy, LLC - Exhibit C to 1st Amendment-1 dtd",
        "building_name": "Old Dominion",
        "tenant_name": "Pro Motion Physical Therapy",
        "date": "2013.08.19"
    },
    "Old_Dominion\\Pro_Motion_Physical_Therapy\\2017.05.15 - Pro Motion Physical Therapy, LLC - 2nd Amendment dtd.pdf": {
        "file_name": "Pro Motion Physical Therapy, LLC - 2nd Amendment dtd",
        "building_name": "Old Dominion",
        "tenant_name": "Pro Motion Physical Therapy",
        "date": "2017.05.15"
    },
    "Old_Dominion\\Pro_Motion_Physical_Therapy\\Pro Motion Physical Therapy, LLC - 3rd Amendment_executed.pdf": {
        "file_name": "Pro Motion Physical Therapy, LLC - 3rd Amendment_executed.pdf",
        "building_name": "Old Dominion",
        "tenant_name": "Pro Motion Physical Therapy",
        "date": ""
    },
    "Old_Dominion\\Richard_A._Hall\\2019.10.17 - Richard A Hall - Deed of Lease.pdf": {
        "file_name": "Richard A Hall - Deed of Lease",
        "building_name": "Old Dominion",
        "tenant_name": "Richard A. Hall",
        "date": "2019.10.17"
    },
    "Old_Dominion\\Steele_Foundation\\2020.07.09 - Steele Foundation - Lease.pdf": {
        "file_name": "Steele Foundation - Lease",
        "building_name": "Old Dominion",
        "tenant_name": "Steele Foundation",
        "date": "2020.07.09"
    },
    "Old_Dominion\\Sunnybrook_Investments\\2018.11.17 - Sunnybrook Investments - Lease.pdf": {
        "file_name": "Sunnybrook Investments - Lease",
        "building_name": "Old Dominion",
        "tenant_name": "Sunnybrook Investments",
        "date": "2018.11.17"
    },
    "Old_Dominion\\Sunnybrook_Investments\\Sunnybrook Investments - Commencement.pdf": {
        "file_name": "Sunnybrook Investments - Commencement.pdf",
        "building_name": "Old Dominion",
        "tenant_name": "Sunnybrook Investments",
        "date": ""
    },
    "Old_Dominion\\The_StudyPro_LLC\\2016.05.05 - The Studypro LLC - Deed of Lease (Guaranty).pdf": {
        "file_name": "The Studypro LLC - Deed of Lease (Guaranty)",
        "building_name": "Old Dominion",
        "tenant_name": "The StudyPro LLC",
        "date": "2016.05.05"
    },
    "Old_Dominion\\The_StudyPro_LLC\\2016.05.05 - The Studypro LLC - Deed of Lease dtd.pdf": {
        "file_name": "The Studypro LLC - Deed of Lease dtd",
        "building_name": "Old Dominion",
        "tenant_name": "The StudyPro LLC",
        "date": "2016.05.05"
    },
    "Old_Dominion\\The_StudyPro_LLC\\2016.09.28 - The Studypro LLC - 1st Amendment to Lease dtd.pdf": {
        "file_name": "The Studypro LLC - 1st Amendment to Lease dtd",
        "building_name": "Old Dominion",
        "tenant_name": "The StudyPro LLC",
        "date": "2016.09.28"
    },
    "Old_Dominion\\The_StudyPro_LLC\\2016.10.04 - The Studypro LLC - Exhibit B dtd.pdf": {
        "file_name": "The Studypro LLC - Exhibit B dtd",
        "building_name": "Old Dominion",
        "tenant_name": "The StudyPro LLC",
        "date": "2016.10.04"
    },
    "Old_Dominion\\The_StudyPro_LLC\\2021.03.31 - The Studypro LLC - 2nd Amendment.pdf": {
        "file_name": "The Studypro LLC - 2nd Amendment",
        "building_name": "Old Dominion",
        "tenant_name": "The StudyPro LLC",
        "date": "2021.03.31"
    },
    "Old_Dominion\\The_StudyPro_LLC\\2022.09.28 - The Studypro LLC - 3rd Amendment.pdf": {
        "file_name": "The Studypro LLC - 3rd Amendment",
        "building_name": "Old Dominion",
        "tenant_name": "The StudyPro LLC",
        "date": "2022.09.28"
    },
    "Old_Dominion\\The_StudyPro_LLC\\The Studypro LLC - Monument Signage Agreement.pdf": {
        "file_name": "The Studypro LLC - Monument Signage Agreement.pdf",
        "building_name": "Old Dominion",
        "tenant_name": "The StudyPro LLC",
        "date": ""
    },
    "Old_Dominion\\The_StudyPro_LLC\\The Studypro LLC - Parking Agreement.pdf": {
        "file_name": "The Studypro LLC - Parking Agreement.pdf",
        "building_name": "Old Dominion",
        "tenant_name": "The StudyPro LLC",
        "date": ""
    },
    "Old_Dominion\\Urban_Compass\\2018.10.04 - Urban Compass - Deed of Lease.pdf": {
        "file_name": "Urban Compass - Deed of Lease",
        "building_name": "Old Dominion",
        "tenant_name": "Urban Compass",
        "date": "2018.10.04"
    },
    "Old_Dominion\\Urban_Compass\\2020.03.16 - Urban Compass - 1st Amendment.pdf": {
        "file_name": "Urban Compass - 1st Amendment",
        "building_name": "Old Dominion",
        "tenant_name": "Urban Compass",
        "date": "2020.03.16"
    },
    "Old_Dominion\\Urban_Compass\\Urban Compass - Commencement Letter.pdf": {
        "file_name": "Urban Compass - Commencement Letter.pdf",
        "building_name": "Old Dominion",
        "tenant_name": "Urban Compass",
        "date": ""
    },
    "Old_Dominion\\Urban_Compass\\Urban Compass - Move In Form.pdf": {
        "file_name": "Urban Compass - Move In Form.pdf",
        "building_name": "Old Dominion",
        "tenant_name": "Urban Compass",
        "date": ""
    }
}